Subscription_Events,,,,,,
event_id,customer_id,event_date,event_type,plan_before,plan_after,mrr_amount
EVT00001,CUST0001,2023-01-09,New,,Growth,2499
EVT00002,CUST0001,2023-02-05,Churn,Growth,,-2499
EVT00003,CUST0001,2023-08-23,Reactivation,,Growth,2499
EVT00004,CUST0002,2023-01-24,New,,Starter,999
EVT00005,CUST0002,2023-12-30,Upgrade,Starter,Growth,1500
EVT00006,CUST0002,2024-11-05,Churn,Growth,,-2499
EVT00007,CUST0003,2023-01-03,New,,Growth,2499
EVT00008,CUST0003,2024-02-25,Churn,Growth,,-2499
EVT00009,CUST0004,2023-01-07,New,,Growth,2499
EVT00010,CUST0004,2024-02-04,Upgrade,Growth,Pro,3500
EVT00011,CUST0004,2025-02-28,Downgrade,Pro,Growth,-3500
EVT00012,CUST0005,2023-01-26,New,,Starter,999
EVT00013,CUST0005,2024-08-17,Churn,Starter,,-999
EVT00014,CUST0006,2023-01-05,New,,Growth,2499
EVT00015,CUST0006,2024-10-28,Churn,Growth,,-2499
EVT00016,CUST0007,2023-01-12,New,,Starter,999
EVT00017,CUST0007,2023-12-12,Churn,Starter,,-999
EVT00018,CUST0007,2024-02-12,Reactivation,,Starter,999
EVT00019,CUST0008,2023-01-15,New,,Starter,999
EVT00020,CUST0008,2023-09-23,Churn,Starter,,-999
EVT00021,CUST0008,2024-02-19,Reactivation,,Starter,999
EVT00022,CUST0008,2024-04-04,Upgrade,Starter,Growth,1500
EVT00023,CUST0008,2024-12-11,Upgrade,Growth,Pro,3500
EVT00024,CUST0008,2025-06-10,Downgrade,Pro,Growth,-3500
EVT00025,CUST0008,2025-11-11,Downgrade,Growth,Starter,-1500
EVT00026,CUST0009,2023-01-18,New,,Enterprise,14999
EVT00027,CUST0010,2023-01-07,New,,Pro,5999
EVT00028,CUST0011,2023-01-03,New,,Growth,2074.17
EVT00029,CUST0011,2025-09-05,Upgrade,Growth,Pro,2905
EVT00030,CUST0012,2023-01-27,New,,Starter,999
EVT00031,CUST0012,2024-06-06,Churn,Starter,,-999
EVT00032,CUST0013,2023-01-09,New,,Starter,999
EVT00033,CUST0013,2023-07-24,Churn,Starter,,-999
EVT00034,CUST0013,2023-12-26,Reactivation,,Starter,999
EVT00035,CUST0013,2024-01-21,Upgrade,Starter,Growth,1500
EVT00036,CUST0013,2024-06-16,Downgrade,Growth,Starter,-1500
EVT00037,CUST0013,2024-12-21,Upgrade,Starter,Growth,1500
EVT00038,CUST0014,2023-01-08,New,,Growth,2499
EVT00039,CUST0014,2023-03-11,Downgrade,Growth,Starter,-1500
EVT00040,CUST0014,2023-05-06,Upgrade,Starter,Growth,1500
EVT00041,CUST0015,2023-01-21,New,,Starter,829.17
EVT00042,CUST0016,2023-01-25,New,,Growth,2074.17
EVT00043,CUST0016,2023-03-23,Upgrade,Growth,Pro,2905
EVT00044,CUST0016,2024-07-31,Upgrade,Pro,Enterprise,7470
EVT00045,CUST0017,2023-01-13,New,,Pro,4979.17
EVT00046,CUST0018,2023-01-29,New,,Starter,829.17
EVT00047,CUST0018,2023-04-18,Upgrade,Starter,Growth,1245
EVT00048,CUST0018,2023-09-23,Churn,Growth,,-2074.17
EVT00049,CUST0019,2023-01-30,New,,Growth,2499
EVT00050,CUST0019,2025-01-29,Upgrade,Growth,Pro,3500
EVT00051,CUST0020,2023-01-18,New,,Starter,999
EVT00052,CUST0020,2023-03-30,Churn,Starter,,-999
EVT00053,CUST0021,2023-01-19,New,,Growth,2499
EVT00054,CUST0021,2023-02-20,Downgrade,Growth,Starter,-1500
EVT00055,CUST0021,2023-10-26,Upgrade,Starter,Growth,1500
EVT00056,CUST0021,2024-02-12,Churn,Growth,,-2499
EVT00057,CUST0022,2023-01-17,New,,Starter,829.17
EVT00058,CUST0022,2023-03-08,Upgrade,Starter,Growth,1245
EVT00059,CUST0022,2025-12-22,Upgrade,Growth,Pro,2905
EVT00060,CUST0023,2023-01-05,New,,Pro,4979.17
EVT00061,CUST0024,2023-01-20,New,,Growth,2499
EVT00062,CUST0024,2023-06-19,Upgrade,Growth,Pro,3500
EVT00063,CUST0024,2023-09-27,Downgrade,Pro,Growth,-3500
EVT00064,CUST0024,2024-03-06,Downgrade,Growth,Starter,-1500
EVT00065,CUST0024,2024-12-13,Churn,Starter,,-999
EVT00066,CUST0024,2025-04-24,Reactivation,,Starter,999
EVT00067,CUST0024,2025-06-23,Churn,Starter,,-999
EVT00068,CUST0025,2023-01-31,New,,Starter,999
EVT00069,CUST0025,2024-03-10,Upgrade,Starter,Growth,1500
EVT00070,CUST0025,2024-07-05,Upgrade,Growth,Pro,3500
EVT00071,CUST0025,2024-10-06,Churn,Pro,,-5999
EVT00072,CUST0026,2023-01-09,New,,Growth,2499
EVT00073,CUST0026,2023-02-24,Upgrade,Growth,Pro,3500
EVT00074,CUST0026,2023-09-01,Churn,Pro,,-5999
EVT00075,CUST0027,2023-01-01,New,,Starter,999
EVT00076,CUST0027,2024-08-31,Churn,Starter,,-999
EVT00077,CUST0028,2023-01-04,New,,Pro,5999
EVT00078,CUST0028,2023-02-23,Churn,Pro,,-5999
EVT00079,CUST0029,2023-01-25,New,,Growth,2499
EVT00080,CUST0029,2024-02-19,Churn,Growth,,-2499
EVT00081,CUST0029,2024-07-28,Reactivation,,Growth,2499
EVT00082,CUST0029,2025-04-25,Downgrade,Growth,Starter,-1500
EVT00083,CUST0029,2025-09-19,Churn,Starter,,-999
EVT00084,CUST0030,2023-01-30,New,,Enterprise,12449.17
EVT00085,CUST0030,2024-03-02,Downgrade,Enterprise,Pro,-7470
EVT00086,CUST0031,2023-01-30,New,,Starter,999
EVT00087,CUST0031,2023-11-06,Churn,Starter,,-999
EVT00088,CUST0032,2023-01-19,New,,Starter,999
EVT00089,CUST0032,2025-07-20,Upgrade,Starter,Growth,1500
EVT00090,CUST0033,2023-01-25,New,,Growth,2074.17
EVT00091,CUST0034,2023-02-18,New,,Starter,999
EVT00092,CUST0034,2025-07-11,Churn,Starter,,-999
EVT00093,CUST0035,2023-02-07,New,,Growth,2499
EVT00094,CUST0035,2024-05-08,Downgrade,Growth,Starter,-1500
EVT00095,CUST0035,2025-03-21,Churn,Starter,,-999
EVT00096,CUST0036,2023-02-22,New,,Growth,2499
EVT00097,CUST0036,2023-04-19,Downgrade,Growth,Starter,-1500
EVT00098,CUST0036,2024-10-04,Upgrade,Starter,Growth,1500
EVT00099,CUST0037,2023-02-08,New,,Pro,5999
EVT00100,CUST0037,2024-02-16,Upgrade,Pro,Enterprise,9000
EVT00101,CUST0038,2023-02-08,New,,Starter,999
EVT00102,CUST0038,2023-04-05,Churn,Starter,,-999
EVT00103,CUST0039,2023-02-02,New,,Starter,829.17
EVT00104,CUST0039,2025-09-11,Churn,Starter,,-829.17
EVT00105,CUST0040,2023-02-03,New,,Pro,4979.17
EVT00106,CUST0041,2023-02-18,New,,Starter,999
EVT00107,CUST0041,2023-05-24,Upgrade,Starter,Growth,1500
EVT00108,CUST0041,2024-11-03,Downgrade,Growth,Starter,-1500
EVT00109,CUST0041,2024-12-08,Churn,Starter,,-999
EVT00110,CUST0042,2023-02-16,New,,Growth,2499
EVT00111,CUST0042,2023-04-12,Upgrade,Growth,Pro,3500
EVT00112,CUST0043,2023-02-12,New,,Starter,999
EVT00113,CUST0043,2024-02-11,Churn,Starter,,-999
EVT00114,CUST0043,2024-05-21,Reactivation,,Starter,999
EVT00115,CUST0043,2025-08-29,Churn,Starter,,-999
EVT00116,CUST0044,2023-02-22,New,,Growth,2074.17
EVT00117,CUST0045,2023-02-28,New,,Starter,999
EVT00118,CUST0045,2023-07-31,Upgrade,Starter,Growth,1500
EVT00119,CUST0046,2023-02-05,New,,Starter,999
EVT00120,CUST0046,2024-09-03,Upgrade,Starter,Growth,1500
EVT00121,CUST0046,2025-02-27,Churn,Growth,,-2499
EVT00122,CUST0046,2025-06-15,Reactivation,,Growth,2499
EVT00123,CUST0046,2025-09-01,Churn,Growth,,-2499
EVT00124,CUST0047,2023-02-03,New,,Starter,999
EVT00125,CUST0047,2023-06-09,Churn,Starter,,-999
EVT00126,CUST0048,2023-02-18,New,,Starter,999
EVT00127,CUST0048,2025-10-07,Churn,Starter,,-999
EVT00128,CUST0049,2023-02-06,New,,Pro,4979.17
EVT00129,CUST0049,2023-09-08,Downgrade,Pro,Growth,-2905
EVT00130,CUST0049,2025-03-23,Downgrade,Growth,Starter,-1245
EVT00131,CUST0050,2023-02-02,New,,Growth,2074.17
EVT00132,CUST0051,2023-02-26,New,,Starter,999
EVT00133,CUST0051,2023-10-03,Churn,Starter,,-999
EVT00134,CUST0052,2023-02-26,New,,Starter,829.17
EVT00135,CUST0053,2023-02-02,New,,Starter,999
EVT00136,CUST0053,2024-08-12,Upgrade,Starter,Growth,1500
EVT00137,CUST0053,2025-01-09,Downgrade,Growth,Starter,-1500
EVT00138,CUST0054,2023-02-02,New,,Starter,999
EVT00139,CUST0055,2023-02-06,New,,Growth,2074.17
EVT00140,CUST0055,2025-10-26,Upgrade,Growth,Pro,2905
EVT00141,CUST0056,2023-02-20,New,,Starter,999
EVT00142,CUST0056,2024-12-04,Upgrade,Starter,Growth,1500
EVT00143,CUST0057,2023-03-19,New,,Starter,829.17
EVT00144,CUST0057,2024-04-24,Churn,Starter,,-829.17
EVT00145,CUST0058,2023-03-14,New,,Growth,2499
EVT00146,CUST0058,2023-05-01,Upgrade,Growth,Pro,3500
EVT00147,CUST0059,2023-03-07,New,,Growth,2074.17
EVT00148,CUST0059,2023-12-02,Downgrade,Growth,Starter,-1245
EVT00149,CUST0060,2023-03-21,New,,Starter,999
EVT00150,CUST0061,2023-03-03,New,,Starter,829.17
EVT00151,CUST0061,2023-07-13,Upgrade,Starter,Growth,1245
EVT00152,CUST0061,2024-03-15,Downgrade,Growth,Starter,-1245
EVT00153,CUST0061,2025-05-24,Upgrade,Starter,Growth,1245
EVT00154,CUST0062,2023-03-04,New,,Growth,2499
EVT00155,CUST0063,2023-03-30,New,,Starter,999
EVT00156,CUST0064,2023-03-06,New,,Pro,5999
EVT00157,CUST0064,2024-12-14,Churn,Pro,,-5999
EVT00158,CUST0065,2023-03-26,New,,Growth,2499
EVT00159,CUST0065,2023-06-06,Upgrade,Growth,Pro,3500
EVT00160,CUST0066,2023-03-30,New,,Growth,2499
EVT00161,CUST0066,2025-02-14,Churn,Growth,,-2499
EVT00162,CUST0067,2023-03-24,New,,Starter,829.17
EVT00163,CUST0067,2023-10-16,Upgrade,Starter,Growth,1245
EVT00164,CUST0067,2024-07-29,Upgrade,Growth,Pro,2905
EVT00165,CUST0068,2023-03-23,New,,Starter,999
EVT00166,CUST0068,2023-04-13,Churn,Starter,,-999
EVT00167,CUST0069,2023-03-17,New,,Growth,2074.17
EVT00168,CUST0069,2024-01-12,Downgrade,Growth,Starter,-1245
EVT00169,CUST0069,2024-10-18,Upgrade,Starter,Growth,1245
EVT00170,CUST0069,2025-01-13,Upgrade,Growth,Pro,2905
EVT00171,CUST0070,2023-03-03,New,,Pro,4979.17
EVT00172,CUST0071,2023-03-05,New,,Starter,999
EVT00173,CUST0071,2024-06-04,Upgrade,Starter,Growth,1500
EVT00174,CUST0071,2025-01-27,Upgrade,Growth,Pro,3500
EVT00175,CUST0071,2025-06-16,Churn,Pro,,-5999
EVT00176,CUST0072,2023-03-14,New,,Growth,2499
EVT00177,CUST0072,2023-10-26,Churn,Growth,,-2499
EVT00178,CUST0073,2023-03-23,New,,Starter,829.17
EVT00179,CUST0073,2023-09-28,Upgrade,Starter,Growth,1245
EVT00180,CUST0073,2024-05-19,Downgrade,Growth,Starter,-1245
EVT00181,CUST0073,2024-11-21,Upgrade,Starter,Growth,1245
EVT00182,CUST0074,2023-03-18,New,,Starter,999
EVT00183,CUST0074,2024-06-25,Churn,Starter,,-999
EVT00184,CUST0075,2023-03-29,New,,Starter,999
EVT00185,CUST0075,2024-07-22,Churn,Starter,,-999
EVT00186,CUST0076,2023-03-04,New,,Starter,999
EVT00187,CUST0076,2024-08-08,Churn,Starter,,-999
EVT00188,CUST0077,2023-03-20,New,,Pro,5999
EVT00189,CUST0077,2023-05-06,Upgrade,Pro,Enterprise,9000
EVT00190,CUST0077,2023-09-15,Downgrade,Enterprise,Pro,-9000
EVT00191,CUST0077,2024-05-03,Upgrade,Pro,Enterprise,9000
EVT00192,CUST0078,2023-04-26,New,,Pro,4979.17
EVT00193,CUST0078,2023-07-26,Downgrade,Pro,Growth,-2905
EVT00194,CUST0078,2024-03-28,Downgrade,Growth,Starter,-1245
EVT00195,CUST0079,2023-04-11,New,,Starter,829.17
EVT00196,CUST0080,2023-04-04,New,,Starter,829.17
EVT00197,CUST0081,2023-04-27,New,,Pro,5999
EVT00198,CUST0081,2025-11-02,Upgrade,Pro,Enterprise,9000
EVT00199,CUST0082,2023-04-08,New,,Starter,829.17
EVT00200,CUST0082,2025-02-10,Churn,Starter,,-829.17
EVT00201,CUST0083,2023-04-09,New,,Growth,2499
EVT00202,CUST0083,2025-01-01,Upgrade,Growth,Pro,3500
EVT00203,CUST0084,2023-04-22,New,,Starter,999
EVT00204,CUST0084,2024-10-11,Churn,Starter,,-999
EVT00205,CUST0084,2025-02-04,Reactivation,,Starter,999
EVT00206,CUST0085,2023-04-09,New,,Enterprise,14999
EVT00207,CUST0085,2025-03-03,Churn,Enterprise,,-14999
EVT00208,CUST0085,2025-07-06,Reactivation,,Enterprise,14999
EVT00209,CUST0085,2025-10-29,Downgrade,Enterprise,Pro,-9000
EVT00210,CUST0086,2023-04-04,New,,Enterprise,14999
EVT00211,CUST0086,2023-08-13,Churn,Enterprise,,-14999
EVT00212,CUST0087,2023-04-14,New,,Starter,829.17
EVT00213,CUST0088,2023-04-07,New,,Starter,829.17
EVT00214,CUST0089,2023-04-30,New,,Growth,2499
EVT00215,CUST0089,2024-09-06,Downgrade,Growth,Starter,-1500
EVT00216,CUST0090,2023-05-22,New,,Starter,999
EVT00217,CUST0090,2023-07-24,Upgrade,Starter,Growth,1500
EVT00218,CUST0090,2024-03-03,Upgrade,Growth,Pro,3500
EVT00219,CUST0090,2024-08-18,Downgrade,Pro,Growth,-3500
EVT00220,CUST0091,2023-05-24,New,,Starter,829.17
EVT00221,CUST0091,2024-05-31,Upgrade,Starter,Growth,1245
EVT00222,CUST0091,2024-10-29,Upgrade,Growth,Pro,2905
EVT00223,CUST0092,2023-05-13,New,,Starter,999
EVT00224,CUST0092,2023-09-03,Churn,Starter,,-999
EVT00225,CUST0093,2023-05-31,New,,Starter,999
EVT00226,CUST0093,2023-07-11,Churn,Starter,,-999
EVT00227,CUST0094,2023-05-18,New,,Growth,2499
EVT00228,CUST0094,2023-11-20,Upgrade,Growth,Pro,3500
EVT00229,CUST0094,2024-03-20,Churn,Pro,,-5999
EVT00230,CUST0095,2023-05-19,New,,Starter,999
EVT00231,CUST0095,2024-02-29,Churn,Starter,,-999
EVT00232,CUST0096,2023-05-07,New,,Growth,2499
EVT00233,CUST0096,2023-08-16,Churn,Growth,,-2499
EVT00234,CUST0097,2023-05-24,New,,Pro,4979.17
EVT00235,CUST0097,2024-12-23,Downgrade,Pro,Growth,-2905
EVT00236,CUST0098,2023-05-20,New,,Starter,999
EVT00237,CUST0099,2023-05-22,New,,Pro,4979.17
EVT00238,CUST0100,2023-05-02,New,,Pro,5999
EVT00239,CUST0100,2024-12-01,Upgrade,Pro,Enterprise,9000
EVT00240,CUST0101,2023-05-15,New,,Growth,2074.17
EVT00241,CUST0101,2024-02-14,Upgrade,Growth,Pro,2905
EVT00242,CUST0101,2025-02-21,Churn,Pro,,-4979.17
EVT00243,CUST0102,2023-05-16,New,,Starter,999
EVT00244,CUST0102,2024-11-06,Churn,Starter,,-999
EVT00245,CUST0103,2023-05-29,New,,Starter,999
EVT00246,CUST0103,2025-04-20,Upgrade,Starter,Growth,1500
EVT00247,CUST0104,2023-05-23,New,,Starter,829.17
EVT00248,CUST0105,2023-05-28,New,,Starter,999
EVT00249,CUST0105,2023-06-29,Upgrade,Starter,Growth,1500
EVT00250,CUST0105,2023-07-14,Upgrade,Growth,Pro,3500
EVT00251,CUST0105,2024-03-06,Downgrade,Pro,Growth,-3500
EVT00252,CUST0105,2025-08-02,Upgrade,Growth,Pro,3500
EVT00253,CUST0106,2023-06-17,New,,Starter,999
EVT00254,CUST0106,2025-08-04,Churn,Starter,,-999
EVT00255,CUST0107,2023-06-15,New,,Starter,829.17
EVT00256,CUST0107,2023-08-11,Upgrade,Starter,Growth,1245
EVT00257,CUST0107,2024-03-07,Churn,Growth,,-2074.17
EVT00258,CUST0108,2023-06-15,New,,Starter,829.17
EVT00259,CUST0108,2023-12-07,Upgrade,Starter,Growth,1245
EVT00260,CUST0109,2023-06-27,New,,Growth,2074.17
EVT00261,CUST0109,2024-02-14,Downgrade,Growth,Starter,-1245
EVT00262,CUST0109,2024-05-23,Churn,Starter,,-829.17
EVT00263,CUST0110,2023-06-15,New,,Growth,2499
EVT00264,CUST0110,2023-08-18,Downgrade,Growth,Starter,-1500
EVT00265,CUST0110,2024-11-24,Churn,Starter,,-999
EVT00266,CUST0111,2023-06-29,New,,Starter,999
EVT00267,CUST0111,2024-11-30,Churn,Starter,,-999
EVT00268,CUST0112,2023-06-23,New,,Starter,999
EVT00269,CUST0113,2023-06-18,New,,Starter,999
EVT00270,CUST0114,2023-06-13,New,,Starter,829.17
EVT00271,CUST0114,2025-01-24,Churn,Starter,,-829.17
EVT00272,CUST0115,2023-06-13,New,,Pro,4979.17
EVT00273,CUST0116,2023-06-13,New,,Enterprise,14999
EVT00274,CUST0116,2023-08-18,Downgrade,Enterprise,Pro,-9000
EVT00275,CUST0116,2025-09-09,Downgrade,Pro,Growth,-3500
EVT00276,CUST0117,2023-06-20,New,,Growth,2499
EVT00277,CUST0118,2023-06-01,New,,Starter,999
EVT00278,CUST0118,2023-11-22,Upgrade,Starter,Growth,1500
EVT00279,CUST0118,2024-03-10,Downgrade,Growth,Starter,-1500
EVT00280,CUST0118,2025-04-10,Churn,Starter,,-999
EVT00281,CUST0119,2023-06-24,New,,Growth,2074.17
EVT00282,CUST0119,2025-06-08,Downgrade,Growth,Starter,-1245
EVT00283,CUST0119,2025-09-04,Churn,Starter,,-829.17
EVT00284,CUST0120,2023-06-18,New,,Pro,4979.17
EVT00285,CUST0120,2024-06-02,Upgrade,Pro,Enterprise,7470
EVT00286,CUST0120,2025-09-13,Churn,Enterprise,,-12449.17
EVT00287,CUST0121,2023-06-03,New,,Growth,2499
EVT00288,CUST0121,2024-04-18,Churn,Growth,,-2499
EVT00289,CUST0122,2023-06-09,New,,Pro,5999
EVT00290,CUST0123,2023-06-25,New,,Starter,999
EVT00291,CUST0123,2023-12-27,Churn,Starter,,-999
EVT00292,CUST0124,2023-06-09,New,,Pro,4979.17
EVT00293,CUST0124,2025-08-16,Downgrade,Pro,Growth,-2905
EVT00294,CUST0125,2023-06-12,New,,Starter,999
EVT00295,CUST0125,2024-08-05,Churn,Starter,,-999
EVT00296,CUST0126,2023-07-25,New,,Pro,5999
EVT00297,CUST0126,2023-12-02,Downgrade,Pro,Growth,-3500
EVT00298,CUST0126,2024-01-12,Downgrade,Growth,Starter,-1500
EVT00299,CUST0126,2024-02-01,Churn,Starter,,-999
EVT00300,CUST0127,2023-07-05,New,,Starter,999
EVT00301,CUST0127,2024-07-14,Churn,Starter,,-999
EVT00302,CUST0128,2023-07-31,New,,Growth,2499
EVT00303,CUST0128,2024-06-03,Churn,Growth,,-2499
EVT00304,CUST0129,2023-07-06,New,,Growth,2074.17
EVT00305,CUST0129,2024-12-10,Downgrade,Growth,Starter,-1245
EVT00306,CUST0130,2023-07-25,New,,Enterprise,12449.17
EVT00307,CUST0130,2024-04-27,Downgrade,Enterprise,Pro,-7470
EVT00308,CUST0130,2024-09-22,Upgrade,Pro,Enterprise,7470
EVT00309,CUST0131,2023-07-10,New,,Starter,999
EVT00310,CUST0131,2023-09-21,Churn,Starter,,-999
EVT00311,CUST0132,2023-07-03,New,,Starter,829.17
EVT00312,CUST0133,2023-07-28,New,,Starter,829.17
EVT00313,CUST0133,2024-10-20,Churn,Starter,,-829.17
EVT00314,CUST0134,2023-07-02,New,,Pro,5999
EVT00315,CUST0134,2023-10-16,Downgrade,Pro,Growth,-3500
EVT00316,CUST0134,2024-08-07,Churn,Growth,,-2499
EVT00317,CUST0134,2024-10-01,Reactivation,,Growth,2499
EVT00318,CUST0134,2025-03-07,Churn,Growth,,-2499
EVT00319,CUST0135,2023-07-17,New,,Starter,999
EVT00320,CUST0135,2023-10-06,Churn,Starter,,-999
EVT00321,CUST0136,2023-07-04,New,,Pro,4979.17
EVT00322,CUST0136,2025-11-21,Churn,Pro,,-4979.17
EVT00323,CUST0137,2023-07-23,New,,Growth,2074.17
EVT00324,CUST0137,2024-05-10,Churn,Growth,,-2074.17
EVT00325,CUST0138,2023-07-21,New,,Starter,999
EVT00326,CUST0138,2025-10-03,Upgrade,Starter,Growth,1500
EVT00327,CUST0138,2025-11-16,Churn,Growth,,-2499
EVT00328,CUST0139,2023-07-16,New,,Pro,5999
EVT00329,CUST0140,2023-07-11,New,,Pro,5999
EVT00330,CUST0141,2023-07-25,New,,Starter,999
EVT00331,CUST0141,2023-11-28,Upgrade,Starter,Growth,1500
EVT00332,CUST0141,2024-10-04,Churn,Growth,,-2499
EVT00333,CUST0142,2023-07-01,New,,Growth,2499
EVT00334,CUST0142,2025-12-10,Downgrade,Growth,Starter,-1500
EVT00335,CUST0143,2023-08-26,New,,Starter,999
EVT00336,CUST0143,2024-02-26,Churn,Starter,,-999
EVT00337,CUST0144,2023-08-29,New,,Starter,999
EVT00338,CUST0144,2023-10-13,Upgrade,Starter,Growth,1500
EVT00339,CUST0144,2025-01-16,Downgrade,Growth,Starter,-1500
EVT00340,CUST0145,2023-08-03,New,,Starter,829.17
EVT00341,CUST0145,2025-12-16,Upgrade,Starter,Growth,1245
EVT00342,CUST0146,2023-08-23,New,,Growth,2074.17
EVT00343,CUST0147,2023-08-10,New,,Starter,999
EVT00344,CUST0148,2023-08-19,New,,Growth,2499
EVT00345,CUST0148,2024-06-29,Downgrade,Growth,Starter,-1500
EVT00346,CUST0149,2023-08-24,New,,Growth,2499
EVT00347,CUST0149,2024-06-22,Churn,Growth,,-2499
EVT00348,CUST0150,2023-08-10,New,,Starter,999
EVT00349,CUST0150,2024-03-09,Churn,Starter,,-999
EVT00350,CUST0151,2023-08-04,New,,Starter,999
EVT00351,CUST0151,2023-11-03,Churn,Starter,,-999
EVT00352,CUST0152,2023-08-09,New,,Starter,829.17
EVT00353,CUST0152,2025-02-21,Upgrade,Starter,Growth,1245
EVT00354,CUST0153,2023-08-27,New,,Growth,2074.17
EVT00355,CUST0153,2023-12-18,Downgrade,Growth,Starter,-1245
EVT00356,CUST0153,2025-12-13,Upgrade,Starter,Growth,1245
EVT00357,CUST0154,2023-08-01,New,,Starter,999
EVT00358,CUST0154,2024-11-06,Churn,Starter,,-999
EVT00359,CUST0155,2023-08-18,New,,Starter,829.17
EVT00360,CUST0155,2023-09-12,Upgrade,Starter,Growth,1245
EVT00361,CUST0155,2024-04-29,Downgrade,Growth,Starter,-1245
EVT00362,CUST0156,2023-08-04,New,,Growth,2074.17
EVT00363,CUST0156,2025-12-13,Downgrade,Growth,Starter,-1245
EVT00364,CUST0157,2023-08-11,New,,Starter,999
EVT00365,CUST0158,2023-08-04,New,,Starter,829.17
EVT00366,CUST0159,2023-08-22,New,,Growth,2499
EVT00367,CUST0159,2024-02-12,Churn,Growth,,-2499
EVT00368,CUST0159,2024-05-15,Reactivation,,Growth,2499
EVT00369,CUST0159,2025-10-02,Upgrade,Growth,Pro,3500
EVT00370,CUST0160,2023-08-10,New,,Starter,999
EVT00371,CUST0161,2023-08-20,New,,Starter,829.17
EVT00372,CUST0162,2023-09-15,New,,Starter,999
EVT00373,CUST0162,2023-12-09,Churn,Starter,,-999
EVT00374,CUST0163,2023-09-10,New,,Pro,4979.17
EVT00375,CUST0164,2023-09-04,New,,Starter,829.17
EVT00376,CUST0165,2023-09-08,New,,Starter,999
EVT00377,CUST0165,2024-03-15,Churn,Starter,,-999
EVT00378,CUST0166,2023-09-15,New,,Starter,999
EVT00379,CUST0166,2024-03-15,Churn,Starter,,-999
EVT00380,CUST0167,2023-09-23,New,,Starter,999
EVT00381,CUST0167,2023-12-09,Churn,Starter,,-999
EVT00382,CUST0168,2023-09-09,New,,Starter,999
EVT00383,CUST0168,2024-05-08,Churn,Starter,,-999
EVT00384,CUST0169,2023-09-21,New,,Starter,999
EVT00385,CUST0169,2024-07-27,Churn,Starter,,-999
EVT00386,CUST0170,2023-09-06,New,,Pro,5999
EVT00387,CUST0171,2023-09-10,New,,Growth,2499
EVT00388,CUST0171,2024-10-09,Downgrade,Growth,Starter,-1500
EVT00389,CUST0171,2025-12-19,Churn,Starter,,-999
EVT00390,CUST0172,2023-09-13,New,,Growth,2499
EVT00391,CUST0172,2024-06-02,Upgrade,Growth,Pro,3500
EVT00392,CUST0172,2025-10-05,Upgrade,Pro,Enterprise,9000
EVT00393,CUST0173,2023-09-20,New,,Growth,2499
EVT00394,CUST0173,2024-04-25,Upgrade,Growth,Pro,3500
EVT00395,CUST0173,2025-11-23,Downgrade,Pro,Growth,-3500
EVT00396,CUST0174,2023-09-01,New,,Growth,2499
EVT00397,CUST0174,2024-01-22,Churn,Growth,,-2499
EVT00398,CUST0175,2023-09-19,New,,Enterprise,12449.17
EVT00399,CUST0175,2025-08-04,Downgrade,Enterprise,Pro,-7470
EVT00400,CUST0176,2023-09-09,New,,Enterprise,14999
EVT00401,CUST0176,2024-03-03,Churn,Enterprise,,-14999
EVT00402,CUST0177,2023-09-17,New,,Pro,5999
EVT00403,CUST0177,2025-06-22,Churn,Pro,,-5999
EVT00404,CUST0177,2025-10-26,Reactivation,,Pro,5999
EVT00405,CUST0178,2023-09-21,New,,Starter,999
EVT00406,CUST0178,2024-11-18,Upgrade,Starter,Growth,1500
EVT00407,CUST0179,2023-09-11,New,,Growth,2499
EVT00408,CUST0179,2024-10-14,Churn,Growth,,-2499
EVT00409,CUST0180,2023-09-10,New,,Starter,999
EVT00410,CUST0180,2025-07-25,Churn,Starter,,-999
EVT00411,CUST0181,2023-09-09,New,,Starter,999
EVT00412,CUST0181,2024-05-19,Upgrade,Starter,Growth,1500
EVT00413,CUST0181,2024-11-08,Churn,Growth,,-2499
EVT00414,CUST0181,2025-05-02,Reactivation,,Growth,2499
EVT00415,CUST0182,2023-09-17,New,,Enterprise,14999
EVT00416,CUST0182,2024-01-27,Downgrade,Enterprise,Pro,-9000
EVT00417,CUST0182,2024-12-13,Downgrade,Pro,Growth,-3500
EVT00418,CUST0182,2025-09-27,Churn,Growth,,-2499
EVT00419,CUST0183,2023-09-17,New,,Growth,2499
EVT00420,CUST0183,2024-05-17,Upgrade,Growth,Pro,3500
EVT00421,CUST0183,2025-08-14,Downgrade,Pro,Growth,-3500
EVT00422,CUST0184,2023-09-25,New,,Pro,5999
EVT00423,CUST0184,2025-08-31,Churn,Pro,,-5999
EVT00424,CUST0185,2023-10-10,New,,Starter,999
EVT00425,CUST0186,2023-10-20,New,,Starter,829.17
EVT00426,CUST0186,2024-12-18,Upgrade,Starter,Growth,1245
EVT00427,CUST0186,2025-11-22,Churn,Growth,,-2074.17
EVT00428,CUST0187,2023-10-14,New,,Starter,999
EVT00429,CUST0187,2024-03-28,Churn,Starter,,-999
EVT00430,CUST0188,2023-10-15,New,,Enterprise,12449.17
EVT00431,CUST0188,2024-06-30,Downgrade,Enterprise,Pro,-9000
EVT00432,CUST0189,2023-10-17,New,,Growth,2074.17
EVT00433,CUST0190,2023-10-08,New,,Pro,4979.17
EVT00434,CUST0191,2023-10-20,New,,Starter,999
EVT00435,CUST0191,2024-02-16,Churn,Starter,,-999
EVT00436,CUST0192,2023-10-26,New,,Pro,5999
EVT00437,CUST0192,2023-11-19,Upgrade,Pro,Enterprise,9000
EVT00438,CUST0193,2023-10-27,New,,Enterprise,14999
EVT00439,CUST0193,2024-02-29,Downgrade,Enterprise,Pro,-9000
EVT00440,CUST0193,2024-11-08,Downgrade,Pro,Growth,-3500
EVT00441,CUST0194,2023-10-19,New,,Growth,2074.17
EVT00442,CUST0195,2023-10-11,New,,Starter,999
EVT00443,CUST0195,2025-03-16,Upgrade,Starter,Growth,1500
EVT00444,CUST0195,2025-11-10,Upgrade,Growth,Pro,3500
EVT00445,CUST0196,2023-10-28,New,,Starter,829.17
EVT00446,CUST0196,2025-12-03,Churn,Starter,,-829.17
EVT00447,CUST0197,2023-10-25,New,,Growth,2499
EVT00448,CUST0197,2023-11-13,Churn,Growth,,-2499
EVT00449,CUST0197,2024-01-17,Reactivation,,Growth,2499
EVT00450,CUST0197,2025-05-19,Churn,Growth,,-2499
EVT00451,CUST0198,2023-10-30,New,,Starter,999
EVT00452,CUST0198,2024-08-29,Upgrade,Starter,Growth,1500
EVT00453,CUST0198,2025-09-17,Churn,Growth,,-2499
EVT00454,CUST0199,2023-10-21,New,,Enterprise,12449.17
EVT00455,CUST0199,2025-07-26,Downgrade,Enterprise,Pro,-7470
EVT00456,CUST0200,2023-10-31,New,,Enterprise,14999
EVT00457,CUST0200,2025-02-19,Downgrade,Enterprise,Pro,-9000
EVT00458,CUST0201,2023-10-15,New,,Pro,4979.17
EVT00459,CUST0202,2023-10-05,New,,Pro,5999
EVT00460,CUST0203,2023-10-09,New,,Starter,829.17
EVT00461,CUST0204,2023-10-28,New,,Growth,2499
EVT00462,CUST0204,2025-05-22,Churn,Growth,,-2499
EVT00463,CUST0205,2023-10-23,New,,Starter,999
EVT00464,CUST0205,2023-12-20,Churn,Starter,,-999
EVT00465,CUST0206,2023-10-21,New,,Starter,999
EVT00466,CUST0206,2025-07-05,Churn,Starter,,-999
EVT00467,CUST0207,2023-10-04,New,,Growth,2499
EVT00468,CUST0207,2024-11-04,Upgrade,Growth,Pro,3500
EVT00469,CUST0208,2023-10-01,New,,Starter,999
EVT00470,CUST0208,2024-10-31,Churn,Starter,,-999
EVT00471,CUST0208,2025-03-06,Reactivation,,Starter,999
EVT00472,CUST0208,2025-05-31,Upgrade,Starter,Growth,1500
EVT00473,CUST0209,2023-10-12,New,,Pro,5999
EVT00474,CUST0210,2023-10-22,New,,Starter,999
EVT00475,CUST0210,2025-04-06,Upgrade,Starter,Growth,1500
EVT00476,CUST0211,2023-10-13,New,,Starter,999
EVT00477,CUST0211,2024-09-07,Churn,Starter,,-999
EVT00478,CUST0212,2023-10-08,New,,Growth,2499
EVT00479,CUST0212,2025-01-26,Downgrade,Growth,Starter,-1500
EVT00480,CUST0212,2025-08-07,Upgrade,Starter,Growth,1500
EVT00481,CUST0213,2023-10-29,New,,Growth,2499
EVT00482,CUST0213,2024-05-05,Downgrade,Growth,Starter,-1500
EVT00483,CUST0213,2024-06-02,Upgrade,Starter,Growth,1500
EVT00484,CUST0213,2025-11-14,Downgrade,Growth,Starter,-1500
EVT00485,CUST0213,2025-12-03,Churn,Starter,,-999
EVT00486,CUST0214,2023-10-15,New,,Growth,2499
EVT00487,CUST0214,2025-03-22,Upgrade,Growth,Pro,3500
EVT00488,CUST0214,2025-05-14,Downgrade,Pro,Growth,-3500
EVT00489,CUST0214,2025-07-07,Churn,Growth,,-2499
EVT00490,CUST0215,2023-10-23,New,,Starter,829.17
EVT00491,CUST0215,2024-02-27,Churn,Starter,,-829.17
EVT00492,CUST0216,2023-10-13,New,,Pro,5999
EVT00493,CUST0216,2023-11-21,Downgrade,Pro,Growth,-3500
EVT00494,CUST0216,2024-01-05,Churn,Growth,,-2499
EVT00495,CUST0217,2023-10-19,New,,Starter,999
EVT00496,CUST0217,2025-04-27,Churn,Starter,,-999
EVT00497,CUST0217,2025-10-09,Reactivation,,Starter,999
EVT00498,CUST0218,2023-11-13,New,,Starter,829.17
EVT00499,CUST0218,2025-06-11,Churn,Starter,,-829.17
EVT00500,CUST0219,2023-11-24,New,,Growth,2499
EVT00501,CUST0219,2025-10-30,Downgrade,Growth,Starter,-1500
EVT00502,CUST0220,2023-11-29,New,,Growth,2074.17
EVT00503,CUST0221,2023-11-21,New,,Growth,2499
EVT00504,CUST0222,2023-11-25,New,,Starter,829.17
EVT00505,CUST0222,2023-12-24,Churn,Starter,,-829.17
EVT00506,CUST0223,2023-11-10,New,,Pro,5999
EVT00507,CUST0223,2024-10-30,Downgrade,Pro,Growth,-3500
EVT00508,CUST0223,2025-05-26,Upgrade,Growth,Pro,3500
EVT00509,CUST0224,2023-11-03,New,,Growth,2074.17
EVT00510,CUST0224,2024-10-03,Downgrade,Growth,Starter,-1245
EVT00511,CUST0225,2023-11-05,New,,Growth,2499
EVT00512,CUST0225,2025-04-03,Upgrade,Growth,Pro,3500
EVT00513,CUST0226,2023-11-27,New,,Growth,2074.17
EVT00514,CUST0226,2025-06-13,Downgrade,Growth,Starter,-1245
EVT00515,CUST0227,2023-11-26,New,,Pro,4979.17
EVT00516,CUST0227,2024-10-18,Downgrade,Pro,Growth,-2905
EVT00517,CUST0227,2025-05-13,Churn,Growth,,-2074.17
EVT00518,CUST0228,2023-11-03,New,,Pro,5999
EVT00519,CUST0229,2023-11-13,New,,Pro,4979.17
EVT00520,CUST0229,2023-12-18,Churn,Pro,,-4979.17
EVT00521,CUST0230,2023-11-09,New,,Starter,999
EVT00522,CUST0230,2024-12-11,Upgrade,Starter,Growth,1500
EVT00523,CUST0230,2025-07-28,Downgrade,Growth,Starter,-1500
EVT00524,CUST0231,2023-11-22,New,,Growth,2499
EVT00525,CUST0231,2024-03-09,Churn,Growth,,-2499
EVT00526,CUST0231,2024-09-15,Reactivation,,Growth,2499
EVT00527,CUST0232,2023-11-12,New,,Starter,999
EVT00528,CUST0232,2024-01-30,Churn,Starter,,-999
EVT00529,CUST0233,2023-11-18,New,,Growth,2499
EVT00530,CUST0234,2023-11-27,New,,Starter,999
EVT00531,CUST0234,2025-02-28,Churn,Starter,,-999
EVT00532,CUST0235,2023-11-02,New,,Growth,2499
EVT00533,CUST0236,2023-11-08,New,,Enterprise,14999
EVT00534,CUST0236,2024-05-01,Downgrade,Enterprise,Pro,-9000
EVT00535,CUST0237,2023-11-24,New,,Starter,999
EVT00536,CUST0237,2024-02-26,Churn,Starter,,-999
EVT00537,CUST0238,2023-11-29,New,,Growth,2074.17
EVT00538,CUST0239,2023-11-09,New,,Pro,5999
EVT00539,CUST0239,2024-04-23,Churn,Pro,,-5999
EVT00540,CUST0240,2023-12-08,New,,Starter,999
EVT00541,CUST0240,2024-03-20,Upgrade,Starter,Growth,1500
EVT00542,CUST0240,2025-01-19,Downgrade,Growth,Starter,-1500
EVT00543,CUST0241,2023-12-29,New,,Enterprise,14999
EVT00544,CUST0241,2024-12-17,Downgrade,Enterprise,Pro,-9000
EVT00545,CUST0242,2023-12-04,New,,Starter,999
EVT00546,CUST0242,2024-12-26,Churn,Starter,,-999
EVT00547,CUST0242,2025-05-04,Reactivation,,Starter,999
EVT00548,CUST0243,2023-12-20,New,,Growth,2499
EVT00549,CUST0243,2024-06-14,Downgrade,Growth,Starter,-1500
EVT00550,CUST0243,2025-03-05,Upgrade,Starter,Growth,1500
EVT00551,CUST0244,2023-12-05,New,,Pro,5999
EVT00552,CUST0245,2023-12-07,New,,Starter,829.17
EVT00553,CUST0246,2023-12-25,New,,Pro,5999
EVT00554,CUST0246,2024-10-05,Upgrade,Pro,Enterprise,9000
EVT00555,CUST0247,2023-12-05,New,,Starter,829.17
EVT00556,CUST0248,2023-12-22,New,,Starter,999
EVT00557,CUST0249,2023-12-08,New,,Starter,829.17
EVT00558,CUST0249,2025-03-19,Upgrade,Starter,Growth,1245
EVT00559,CUST0249,2025-05-19,Downgrade,Growth,Starter,-1245
EVT00560,CUST0249,2025-12-19,Upgrade,Starter,Growth,1245
EVT00561,CUST0250,2023-12-05,New,,Starter,999
EVT00562,CUST0250,2025-12-25,Upgrade,Starter,Growth,1500
EVT00563,CUST0251,2023-12-15,New,,Starter,999
EVT00564,CUST0251,2024-09-04,Churn,Starter,,-999
EVT00565,CUST0252,2023-12-08,New,,Growth,2499
EVT00566,CUST0252,2024-04-30,Downgrade,Growth,Starter,-1500
EVT00567,CUST0252,2024-06-04,Churn,Starter,,-999
EVT00568,CUST0253,2023-12-22,New,,Growth,2074.17
EVT00569,CUST0253,2025-07-19,Churn,Growth,,-2074.17
EVT00570,CUST0254,2023-12-02,New,,Growth,2074.17
EVT00571,CUST0254,2025-10-25,Downgrade,Growth,Starter,-1245
EVT00572,CUST0255,2023-12-23,New,,Starter,999
EVT00573,CUST0255,2024-07-04,Upgrade,Starter,Growth,1500
EVT00574,CUST0255,2025-02-26,Churn,Growth,,-2499
EVT00575,CUST0256,2023-12-05,New,,Pro,5999
EVT00576,CUST0256,2024-10-10,Downgrade,Pro,Growth,-3500
EVT00577,CUST0257,2023-12-18,New,,Starter,999
EVT00578,CUST0257,2024-01-28,Upgrade,Starter,Growth,1500
EVT00579,CUST0257,2025-07-18,Downgrade,Growth,Starter,-1500
EVT00580,CUST0258,2024-01-15,New,,Enterprise,14999
EVT00581,CUST0258,2024-04-29,Churn,Enterprise,,-14999
EVT00582,CUST0259,2024-01-04,New,,Starter,829.17
EVT00583,CUST0259,2025-09-12,Upgrade,Starter,Growth,1245
EVT00584,CUST0260,2024-01-14,New,,Starter,829.17
EVT00585,CUST0260,2024-06-29,Churn,Starter,,-829.17
EVT00586,CUST0261,2024-01-11,New,,Starter,829.17
EVT00587,CUST0261,2025-01-14,Upgrade,Starter,Growth,1245
EVT00588,CUST0261,2025-02-09,Downgrade,Growth,Starter,-1245
EVT00589,CUST0262,2024-01-05,New,,Growth,2499
EVT00590,CUST0262,2024-07-13,Downgrade,Growth,Starter,-1500
EVT00591,CUST0262,2024-08-21,Churn,Starter,,-999
EVT00592,CUST0263,2024-01-14,New,,Starter,999
EVT00593,CUST0263,2024-09-16,Churn,Starter,,-999
EVT00594,CUST0264,2024-01-19,New,,Pro,5999
EVT00595,CUST0265,2024-01-12,New,,Starter,999
EVT00596,CUST0265,2025-03-19,Churn,Starter,,-999
EVT00597,CUST0265,2025-09-16,Reactivation,,Starter,999
EVT00598,CUST0266,2024-01-12,New,,Enterprise,14999
EVT00599,CUST0266,2024-05-02,Churn,Enterprise,,-14999
EVT00600,CUST0267,2024-01-16,New,,Growth,2499
EVT00601,CUST0268,2024-01-04,New,,Starter,999
EVT00602,CUST0268,2024-07-06,Upgrade,Starter,Growth,1500
EVT00603,CUST0268,2024-08-09,Churn,Growth,,-2499
EVT00604,CUST0269,2024-01-18,New,,Starter,999
EVT00605,CUST0269,2025-10-13,Churn,Starter,,-999
EVT00606,CUST0270,2024-01-20,New,,Growth,2499
EVT00607,CUST0270,2025-02-05,Upgrade,Growth,Pro,3500
EVT00608,CUST0271,2024-01-10,New,,Starter,829.17
EVT00609,CUST0271,2024-05-20,Upgrade,Starter,Growth,1245
EVT00610,CUST0271,2024-07-20,Downgrade,Growth,Starter,-1245
EVT00611,CUST0272,2024-01-19,New,,Starter,829.17
EVT00612,CUST0273,2024-01-01,New,,Starter,999
EVT00613,CUST0273,2025-01-22,Upgrade,Starter,Growth,1500
EVT00614,CUST0273,2025-07-23,Upgrade,Growth,Pro,3500
EVT00615,CUST0273,2025-08-13,Upgrade,Pro,Enterprise,9000
EVT00616,CUST0273,2025-12-02,Downgrade,Enterprise,Pro,-9000
EVT00617,CUST0274,2024-01-11,New,,Starter,999
EVT00618,CUST0274,2024-02-13,Churn,Starter,,-999
EVT00619,CUST0275,2024-01-31,New,,Starter,999
EVT00620,CUST0276,2024-01-06,New,,Starter,999
EVT00621,CUST0277,2024-01-22,New,,Growth,2499
EVT00622,CUST0278,2024-01-07,New,,Growth,2499
EVT00623,CUST0279,2024-01-22,New,,Starter,999
EVT00624,CUST0279,2024-05-29,Upgrade,Starter,Growth,1500
EVT00625,CUST0280,2024-02-08,New,,Growth,2499
EVT00626,CUST0280,2025-02-11,Churn,Growth,,-2499
EVT00627,CUST0281,2024-02-07,New,,Starter,999
EVT00628,CUST0281,2024-09-23,Churn,Starter,,-999
EVT00629,CUST0282,2024-02-16,New,,Starter,999
EVT00630,CUST0282,2025-04-08,Churn,Starter,,-999
EVT00631,CUST0282,2025-06-24,Reactivation,,Starter,999
EVT00632,CUST0283,2024-02-08,New,,Starter,999
EVT00633,CUST0284,2024-02-03,New,,Pro,4979.17
EVT00634,CUST0285,2024-02-03,New,,Starter,999
EVT00635,CUST0285,2025-02-16,Churn,Starter,,-999
EVT00636,CUST0286,2024-02-21,New,,Starter,999
EVT00637,CUST0286,2024-08-30,Churn,Starter,,-999
EVT00638,CUST0287,2024-02-11,New,,Starter,999
EVT00639,CUST0287,2024-11-09,Upgrade,Starter,Growth,1500
EVT00640,CUST0287,2025-01-29,Upgrade,Growth,Pro,3500
EVT00641,CUST0288,2024-02-12,New,,Growth,2499
EVT00642,CUST0288,2024-06-12,Upgrade,Growth,Pro,3500
EVT00643,CUST0288,2024-11-01,Upgrade,Pro,Enterprise,9000
EVT00644,CUST0289,2024-02-19,New,,Pro,5999
EVT00645,CUST0289,2024-08-11,Upgrade,Pro,Enterprise,9000
EVT00646,CUST0290,2024-02-24,New,,Starter,829.17
EVT00647,CUST0291,2024-02-17,New,,Starter,999
EVT00648,CUST0291,2024-04-27,Churn,Starter,,-999
EVT00649,CUST0292,2024-02-12,New,,Growth,2074.17
EVT00650,CUST0292,2025-03-26,Upgrade,Growth,Pro,2905
EVT00651,CUST0292,2025-12-10,Upgrade,Pro,Enterprise,7470
EVT00652,CUST0293,2024-02-07,New,,Starter,999
EVT00653,CUST0293,2025-03-10,Churn,Starter,,-999
EVT00654,CUST0294,2024-02-03,New,,Starter,829.17
EVT00655,CUST0294,2024-03-09,Churn,Starter,,-829.17
EVT00656,CUST0295,2024-02-19,New,,Growth,2499
EVT00657,CUST0295,2024-08-27,Downgrade,Growth,Starter,-1500
EVT00658,CUST0295,2025-05-16,Churn,Starter,,-999
EVT00659,CUST0296,2024-03-11,New,,Growth,2074.17
EVT00660,CUST0296,2024-09-28,Upgrade,Growth,Pro,2905
EVT00661,CUST0297,2024-03-21,New,,Starter,999
EVT00662,CUST0297,2025-07-23,Churn,Starter,,-999
EVT00663,CUST0298,2024-03-03,New,,Growth,2499
EVT00664,CUST0298,2025-03-22,Downgrade,Growth,Starter,-1500
EVT00665,CUST0299,2024-03-27,New,,Growth,2499
EVT00666,CUST0300,2024-03-03,New,,Growth,2074.17
EVT00667,CUST0300,2024-08-04,Downgrade,Growth,Starter,-1245
EVT00668,CUST0300,2025-06-28,Upgrade,Starter,Growth,1245
EVT00669,CUST0301,2024-03-18,New,,Growth,2499
EVT00670,CUST0301,2024-04-08,Churn,Growth,,-2499
EVT00671,CUST0301,2024-07-10,Reactivation,,Growth,2499
EVT00672,CUST0301,2025-01-24,Churn,Growth,,-2499
EVT00673,CUST0302,2024-03-07,New,,Pro,5999
EVT00674,CUST0302,2024-12-15,Downgrade,Pro,Growth,-3500
EVT00675,CUST0303,2024-03-02,New,,Growth,2499
EVT00676,CUST0303,2025-02-25,Downgrade,Growth,Starter,-1500
EVT00677,CUST0304,2024-03-23,New,,Pro,4979.17
EVT00678,CUST0305,2024-03-23,New,,Growth,2499
EVT00679,CUST0305,2024-12-27,Upgrade,Growth,Pro,3500
EVT00680,CUST0305,2025-03-11,Churn,Pro,,-5999
EVT00681,CUST0306,2024-03-12,New,,Growth,2499
EVT00682,CUST0306,2024-12-09,Downgrade,Growth,Starter,-1500
EVT00683,CUST0307,2024-03-22,New,,Starter,829.17
EVT00684,CUST0308,2024-03-03,New,,Pro,5999
EVT00685,CUST0308,2024-10-24,Upgrade,Pro,Enterprise,9000
EVT00686,CUST0309,2024-03-09,New,,Growth,2499
EVT00687,CUST0309,2024-10-14,Churn,Growth,,-2499
EVT00688,CUST0310,2024-03-05,New,,Starter,999
EVT00689,CUST0311,2024-03-13,New,,Enterprise,14999
EVT00690,CUST0312,2024-03-18,New,,Growth,2499
EVT00691,CUST0313,2024-03-27,New,,Pro,5999
EVT00692,CUST0313,2025-05-20,Upgrade,Pro,Enterprise,9000
EVT00693,CUST0314,2024-04-12,New,,Growth,2499
EVT00694,CUST0314,2024-09-21,Downgrade,Growth,Starter,-1500
EVT00695,CUST0314,2024-10-03,Churn,Starter,,-999
EVT00696,CUST0314,2025-01-15,Reactivation,,Starter,999
EVT00697,CUST0315,2024-04-11,New,,Starter,829.17
EVT00698,CUST0315,2024-12-07,Churn,Starter,,-829.17
EVT00699,CUST0316,2024-04-03,New,,Starter,999
EVT00700,CUST0316,2024-07-30,Churn,Starter,,-999
EVT00701,CUST0317,2024-04-24,New,,Growth,2499
EVT00702,CUST0317,2024-08-27,Churn,Growth,,-2499
EVT00703,CUST0317,2025-01-24,Reactivation,,Growth,2499
EVT00704,CUST0318,2024-04-20,New,,Growth,2074.17
EVT00705,CUST0318,2024-05-16,Churn,Growth,,-2074.17
EVT00706,CUST0319,2024-04-27,New,,Starter,999
EVT00707,CUST0320,2024-04-12,New,,Growth,2499
EVT00708,CUST0320,2025-02-25,Churn,Growth,,-2499
EVT00709,CUST0321,2024-04-26,New,,Growth,2074.17
EVT00710,CUST0322,2024-04-26,New,,Growth,2499
EVT00711,CUST0322,2025-09-17,Churn,Growth,,-2499
EVT00712,CUST0323,2024-04-15,New,,Starter,829.17
EVT00713,CUST0324,2024-04-14,New,,Pro,5999
EVT00714,CUST0324,2024-05-28,Churn,Pro,,-5999
EVT00715,CUST0325,2024-04-09,New,,Pro,5999
EVT00716,CUST0326,2024-05-04,New,,Pro,5999
EVT00717,CUST0327,2024-05-09,New,,Starter,829.17
EVT00718,CUST0327,2025-01-12,Upgrade,Starter,Growth,1245
EVT00719,CUST0327,2025-07-27,Churn,Growth,,-2074.17
EVT00720,CUST0327,2025-09-17,Reactivation,,Growth,2074.17
EVT00721,CUST0328,2024-05-31,New,,Starter,999
EVT00722,CUST0329,2024-05-14,New,,Pro,4979.17
EVT00723,CUST0329,2024-09-26,Churn,Pro,,-4979.17
EVT00724,CUST0330,2024-05-03,New,,Growth,2499
EVT00725,CUST0330,2024-09-06,Upgrade,Growth,Pro,3500
EVT00726,CUST0331,2024-05-27,New,,Starter,829.17
EVT00727,CUST0331,2024-09-03,Upgrade,Starter,Growth,1245
EVT00728,CUST0332,2024-05-27,New,,Starter,999
EVT00729,CUST0332,2025-07-10,Upgrade,Starter,Growth,1500
EVT00730,CUST0332,2025-11-23,Downgrade,Growth,Starter,-1500
EVT00731,CUST0333,2024-05-20,New,,Pro,5999
EVT00732,CUST0333,2024-08-17,Upgrade,Pro,Enterprise,9000
EVT00733,CUST0333,2025-05-13,Downgrade,Enterprise,Pro,-9000
EVT00734,CUST0334,2024-05-05,New,,Starter,999
EVT00735,CUST0335,2024-05-10,New,,Growth,2499
EVT00736,CUST0336,2024-05-21,New,,Starter,999
EVT00737,CUST0336,2024-08-05,Upgrade,Starter,Growth,1500
EVT00738,CUST0336,2024-09-25,Upgrade,Growth,Pro,3500
EVT00739,CUST0337,2024-05-16,New,,Starter,829.17
EVT00740,CUST0338,2024-05-08,New,,Starter,999
EVT00741,CUST0339,2024-05-08,New,,Starter,999
EVT00742,CUST0339,2025-07-28,Churn,Starter,,-999
EVT00743,CUST0340,2024-06-17,New,,Starter,999
EVT00744,CUST0340,2024-08-17,Churn,Starter,,-999
EVT00745,CUST0341,2024-06-26,New,,Enterprise,14999
EVT00746,CUST0341,2025-07-29,Downgrade,Enterprise,Pro,-9000
EVT00747,CUST0342,2024-06-02,New,,Starter,829.17
EVT00748,CUST0343,2024-06-26,New,,Starter,999
EVT00749,CUST0343,2024-12-19,Churn,Starter,,-999
EVT00750,CUST0344,2024-06-04,New,,Starter,999
EVT00751,CUST0344,2025-03-01,Upgrade,Starter,Growth,1500
EVT00752,CUST0345,2024-06-11,New,,Starter,999
EVT00753,CUST0345,2025-03-06,Churn,Starter,,-999
EVT00754,CUST0346,2024-06-06,New,,Enterprise,14999
EVT00755,CUST0346,2024-08-07,Churn,Enterprise,,-14999
EVT00756,CUST0347,2024-06-02,New,,Growth,2074.17
EVT00757,CUST0348,2024-06-02,New,,Starter,999
EVT00758,CUST0348,2024-09-29,Churn,Starter,,-999
EVT00759,CUST0349,2024-06-18,New,,Growth,2074.17
EVT00760,CUST0349,2024-07-27,Upgrade,Growth,Pro,2905
EVT00761,CUST0349,2025-05-07,Upgrade,Pro,Enterprise,7470
EVT00762,CUST0350,2024-06-10,New,,Starter,999
EVT00763,CUST0350,2025-07-27,Churn,Starter,,-999
EVT00764,CUST0350,2025-09-08,Reactivation,,Starter,999
EVT00765,CUST0351,2024-06-04,New,,Pro,5999
EVT00766,CUST0351,2025-04-02,Downgrade,Pro,Growth,-3500
EVT00767,CUST0352,2024-06-29,New,,Pro,4979.17
EVT00768,CUST0352,2025-02-15,Upgrade,Pro,Enterprise,7470
EVT00769,CUST0353,2024-06-16,New,,Enterprise,14999
EVT00770,CUST0353,2025-01-02,Downgrade,Enterprise,Pro,-9000
EVT00771,CUST0353,2025-09-30,Churn,Pro,,-5999
EVT00772,CUST0354,2024-06-14,New,,Starter,999
EVT00773,CUST0354,2024-08-12,Churn,Starter,,-999
EVT00774,CUST0354,2024-11-09,Reactivation,,Starter,999
EVT00775,CUST0355,2024-06-18,New,,Growth,2074.17
EVT00776,CUST0356,2024-06-10,New,,Starter,999
EVT00777,CUST0356,2025-10-12,Upgrade,Starter,Growth,1500
EVT00778,CUST0357,2024-07-23,New,,Growth,2499
EVT00779,CUST0357,2024-08-27,Downgrade,Growth,Starter,-1500
EVT00780,CUST0357,2025-03-15,Churn,Starter,,-999
EVT00781,CUST0358,2024-07-30,New,,Starter,829.17
EVT00782,CUST0358,2024-11-17,Upgrade,Starter,Growth,1245
EVT00783,CUST0358,2025-12-13,Downgrade,Growth,Starter,-1245
EVT00784,CUST0359,2024-07-26,New,,Enterprise,14999
EVT00785,CUST0360,2024-07-17,New,,Growth,2499
EVT00786,CUST0360,2025-09-21,Churn,Growth,,-2499
EVT00787,CUST0361,2024-07-26,New,,Starter,999
EVT00788,CUST0361,2024-12-30,Churn,Starter,,-999
EVT00789,CUST0362,2024-07-21,New,,Starter,999
EVT00790,CUST0363,2024-07-20,New,,Starter,999
EVT00791,CUST0363,2025-02-04,Upgrade,Starter,Growth,1500
EVT00792,CUST0363,2025-09-22,Downgrade,Growth,Starter,-1500
EVT00793,CUST0364,2024-07-25,New,,Enterprise,14999
EVT00794,CUST0365,2024-07-11,New,,Starter,999
EVT00795,CUST0365,2025-10-01,Churn,Starter,,-999
EVT00796,CUST0366,2024-07-06,New,,Enterprise,14999
EVT00797,CUST0366,2025-02-08,Churn,Enterprise,,-14999
EVT00798,CUST0367,2024-07-09,New,,Starter,999
EVT00799,CUST0367,2024-11-12,Upgrade,Starter,Growth,1500
EVT00800,CUST0368,2024-07-23,New,,Starter,999
EVT00801,CUST0369,2024-07-15,New,,Starter,829.17
EVT00802,CUST0369,2025-04-16,Upgrade,Starter,Growth,1245
EVT00803,CUST0370,2024-07-31,New,,Enterprise,12449.17
EVT00804,CUST0371,2024-07-10,New,,Growth,2499
EVT00805,CUST0372,2024-07-21,New,,Growth,2074.17
EVT00806,CUST0372,2025-05-20,Downgrade,Growth,Starter,-1245
EVT00807,CUST0372,2025-10-15,Upgrade,Starter,Growth,1245
EVT00808,CUST0373,2024-07-07,New,,Growth,2499
EVT00809,CUST0373,2024-09-06,Upgrade,Growth,Pro,3500
EVT00810,CUST0373,2024-10-31,Downgrade,Pro,Growth,-3500
EVT00811,CUST0373,2025-08-28,Upgrade,Growth,Pro,3500
EVT00812,CUST0374,2024-07-18,New,,Pro,5999
EVT00813,CUST0375,2024-07-05,New,,Growth,2074.17
EVT00814,CUST0376,2024-07-23,New,,Starter,999
EVT00815,CUST0376,2025-04-16,Churn,Starter,,-999
EVT00816,CUST0377,2024-07-19,New,,Starter,999
EVT00817,CUST0378,2024-08-15,New,,Enterprise,14999
EVT00818,CUST0379,2024-08-25,New,,Starter,829.17
EVT00819,CUST0379,2025-07-19,Upgrade,Starter,Growth,1245
EVT00820,CUST0380,2024-08-14,New,,Starter,829.17
EVT00821,CUST0381,2024-08-10,New,,Pro,5999
EVT00822,CUST0381,2025-05-18,Upgrade,Pro,Enterprise,9000
EVT00823,CUST0382,2024-08-12,New,,Starter,829.17
EVT00824,CUST0382,2024-12-12,Churn,Starter,,-829.17
EVT00825,CUST0383,2024-08-21,New,,Pro,5999
EVT00826,CUST0384,2024-08-18,New,,Starter,999
EVT00827,CUST0384,2024-11-12,Churn,Starter,,-999
EVT00828,CUST0385,2024-08-19,New,,Growth,2499
EVT00829,CUST0386,2024-08-20,New,,Growth,2074.17
EVT00830,CUST0387,2024-08-03,New,,Starter,829.17
EVT00831,CUST0387,2025-05-06,Churn,Starter,,-829.17
EVT00832,CUST0388,2024-08-19,New,,Starter,999
EVT00833,CUST0389,2024-08-21,New,,Growth,2499
EVT00834,CUST0389,2024-09-27,Upgrade,Growth,Pro,3500
EVT00835,CUST0389,2025-08-29,Upgrade,Pro,Enterprise,9000
EVT00836,CUST0390,2024-08-08,New,,Growth,2499
EVT00837,CUST0391,2024-08-06,New,,Growth,2499
EVT00838,CUST0391,2025-08-09,Upgrade,Growth,Pro,3500
EVT00839,CUST0392,2024-08-20,New,,Growth,2499
EVT00840,CUST0393,2024-08-28,New,,Pro,5999
EVT00841,CUST0394,2024-09-18,New,,Starter,999
EVT00842,CUST0394,2025-07-24,Churn,Starter,,-999
EVT00843,CUST0395,2024-09-15,New,,Starter,999
EVT00844,CUST0396,2024-09-13,New,,Starter,999
EVT00845,CUST0396,2024-10-27,Churn,Starter,,-999
EVT00846,CUST0397,2024-09-06,New,,Starter,829.17
EVT00847,CUST0398,2024-09-06,New,,Growth,2499
EVT00848,CUST0399,2024-09-16,New,,Growth,2074.17
EVT00849,CUST0400,2024-09-08,New,,Enterprise,14999
EVT00850,CUST0401,2024-09-16,New,,Starter,999
EVT00851,CUST0402,2024-09-04,New,,Starter,999
EVT00852,CUST0403,2024-09-25,New,,Pro,4979.17
EVT00853,CUST0403,2024-11-23,Upgrade,Pro,Enterprise,7470
EVT00854,CUST0403,2025-04-03,Churn,Enterprise,,-12449.17
EVT00855,CUST0404,2024-09-18,New,,Starter,999
EVT00856,CUST0404,2025-10-10,Churn,Starter,,-999
EVT00857,CUST0405,2024-09-17,New,,Growth,2499
EVT00858,CUST0405,2025-04-01,Upgrade,Growth,Pro,3500
EVT00859,CUST0406,2024-09-22,New,,Starter,829.17
EVT00860,CUST0407,2024-09-12,New,,Starter,999
EVT00861,CUST0407,2025-02-13,Churn,Starter,,-999
EVT00862,CUST0407,2025-04-06,Reactivation,,Starter,999
EVT00863,CUST0408,2024-09-07,New,,Enterprise,12449.17
EVT00864,CUST0409,2024-09-02,New,,Starter,999
EVT00865,CUST0410,2024-09-05,New,,Pro,5999
EVT00866,CUST0411,2024-09-11,New,,Starter,829.17
EVT00867,CUST0412,2024-09-10,New,,Enterprise,12449.17
EVT00868,CUST0412,2025-10-28,Downgrade,Enterprise,Pro,-7470
EVT00869,CUST0412,2025-11-19,Upgrade,Pro,Enterprise,7470
EVT00870,CUST0413,2024-09-16,New,,Growth,2499
EVT00871,CUST0413,2025-10-25,Churn,Growth,,-2499
EVT00872,CUST0414,2024-10-11,New,,Growth,2499
EVT00873,CUST0415,2024-10-24,New,,Growth,2074.17
EVT00874,CUST0415,2025-11-07,Upgrade,Growth,Pro,2905
EVT00875,CUST0416,2024-10-26,New,,Growth,2074.17
EVT00876,CUST0416,2025-04-28,Upgrade,Growth,Pro,2905
EVT00877,CUST0417,2024-10-16,New,,Starter,999
EVT00878,CUST0417,2025-09-08,Churn,Starter,,-999
EVT00879,CUST0417,2025-12-22,Reactivation,,Starter,999
EVT00880,CUST0418,2024-10-27,New,,Growth,2499
EVT00881,CUST0419,2024-10-19,New,,Pro,5999
EVT00882,CUST0420,2024-10-05,New,,Starter,999
EVT00883,CUST0420,2025-01-07,Churn,Starter,,-999
EVT00884,CUST0421,2024-10-30,New,,Starter,829.17
EVT00885,CUST0421,2025-07-09,Churn,Starter,,-829.17
EVT00886,CUST0422,2024-10-18,New,,Growth,2499
EVT00887,CUST0423,2024-10-06,New,,Growth,2499
EVT00888,CUST0424,2024-10-25,New,,Starter,999
EVT00889,CUST0424,2025-04-21,Churn,Starter,,-999
EVT00890,CUST0425,2024-10-09,New,,Growth,2074.17
EVT00891,CUST0425,2025-04-14,Churn,Growth,,-2074.17
EVT00892,CUST0426,2024-10-10,New,,Starter,829.17
EVT00893,CUST0427,2024-10-16,New,,Growth,2499
EVT00894,CUST0427,2025-01-17,Downgrade,Growth,Starter,-1500
EVT00895,CUST0428,2024-10-09,New,,Enterprise,12449.17
EVT00896,CUST0429,2024-10-29,New,,Growth,2499
EVT00897,CUST0429,2025-04-01,Churn,Growth,,-2499
EVT00898,CUST0430,2024-10-10,New,,Enterprise,12449.17
EVT00899,CUST0430,2025-04-28,Downgrade,Enterprise,Pro,-7470
EVT00900,CUST0431,2024-10-30,New,,Enterprise,14999
EVT00901,CUST0432,2024-10-27,New,,Growth,2499
EVT00902,CUST0433,2024-10-05,New,,Enterprise,14999
EVT00903,CUST0433,2025-11-25,Downgrade,Enterprise,Pro,-9000
EVT00904,CUST0434,2024-10-02,New,,Growth,2499
EVT00905,CUST0434,2025-01-31,Churn,Growth,,-2499
EVT00906,CUST0434,2025-03-16,Reactivation,,Growth,2499
EVT00907,CUST0435,2024-10-14,New,,Growth,2499
EVT00908,CUST0435,2025-03-30,Upgrade,Growth,Pro,3500
EVT00909,CUST0435,2025-04-05,Upgrade,Pro,Enterprise,9000
EVT00910,CUST0435,2025-10-21,Churn,Enterprise,,-14999
EVT00911,CUST0436,2024-10-01,New,,Starter,829.17
EVT00912,CUST0437,2024-11-29,New,,Starter,829.17
EVT00913,CUST0437,2025-10-20,Churn,Starter,,-829.17
EVT00914,CUST0438,2024-11-10,New,,Growth,2074.17
EVT00915,CUST0439,2024-11-03,New,,Growth,2074.17
EVT00916,CUST0440,2024-11-30,New,,Growth,2074.17
EVT00917,CUST0441,2024-11-30,New,,Starter,829.17
EVT00918,CUST0442,2024-11-24,New,,Pro,5999
EVT00919,CUST0442,2025-12-26,Upgrade,Pro,Enterprise,9000
EVT00920,CUST0443,2024-11-04,New,,Starter,999
EVT00921,CUST0444,2024-11-17,New,,Growth,2499
EVT00922,CUST0445,2024-11-07,New,,Pro,5999
EVT00923,CUST0446,2024-11-09,New,,Starter,999
EVT00924,CUST0447,2024-11-19,New,,Growth,2074.17
EVT00925,CUST0448,2024-11-13,New,,Growth,2499
EVT00926,CUST0448,2024-12-01,Churn,Growth,,-2499
EVT00927,CUST0449,2024-11-04,New,,Starter,999
EVT00928,CUST0449,2024-12-08,Churn,Starter,,-999
EVT00929,CUST0450,2024-11-01,New,,Growth,2074.17
EVT00930,CUST0450,2025-07-09,Upgrade,Growth,Pro,2905
EVT00931,CUST0451,2024-11-11,New,,Starter,829.17
EVT00932,CUST0452,2024-11-21,New,,Growth,2499
EVT00933,CUST0453,2024-11-10,New,,Starter,999
EVT00934,CUST0453,2025-07-20,Churn,Starter,,-999
EVT00935,CUST0454,2024-11-29,New,,Growth,2074.17
EVT00936,CUST0455,2024-11-12,New,,Growth,2074.17
EVT00937,CUST0455,2024-12-26,Upgrade,Growth,Pro,2905
EVT00938,CUST0456,2024-11-05,New,,Starter,999
EVT00939,CUST0456,2025-08-31,Churn,Starter,,-999
EVT00940,CUST0457,2024-11-30,New,,Starter,829.17
EVT00941,CUST0458,2024-11-25,New,,Pro,4979.17
EVT00942,CUST0458,2025-03-10,Downgrade,Pro,Growth,-2905
EVT00943,CUST0459,2024-12-15,New,,Pro,5999
EVT00944,CUST0459,2025-03-23,Upgrade,Pro,Enterprise,9000
EVT00945,CUST0460,2024-12-02,New,,Starter,999
EVT00946,CUST0460,2025-06-23,Churn,Starter,,-999
EVT00947,CUST0460,2025-10-14,Reactivation,,Starter,999
EVT00948,CUST0461,2024-12-06,New,,Starter,999
EVT00949,CUST0461,2025-03-29,Churn,Starter,,-999
EVT00950,CUST0462,2024-12-23,New,,Starter,999
EVT00951,CUST0463,2024-12-26,New,,Starter,999
EVT00952,CUST0463,2025-06-13,Churn,Starter,,-999
EVT00953,CUST0463,2025-10-15,Reactivation,,Starter,999
EVT00954,CUST0464,2024-12-19,New,,Starter,999
EVT00955,CUST0464,2025-08-09,Upgrade,Starter,Growth,1500
EVT00956,CUST0465,2024-12-24,New,,Growth,2074.17
EVT00957,CUST0466,2024-12-07,New,,Starter,999
EVT00958,CUST0466,2025-03-07,Churn,Starter,,-999
EVT00959,CUST0467,2024-12-03,New,,Starter,999
EVT00960,CUST0468,2024-12-30,New,,Enterprise,14999
EVT00961,CUST0468,2025-07-15,Downgrade,Enterprise,Pro,-9000
EVT00962,CUST0469,2024-12-05,New,,Starter,999
EVT00963,CUST0469,2025-01-10,Churn,Starter,,-999
EVT00964,CUST0469,2025-07-27,Reactivation,,Starter,999
EVT00965,CUST0470,2024-12-28,New,,Enterprise,14999
EVT00966,CUST0471,2024-12-28,New,,Starter,829.17
EVT00967,CUST0472,2024-12-06,New,,Growth,2499
EVT00968,CUST0473,2024-12-08,New,,Growth,2074.17
EVT00969,CUST0473,2025-08-20,Upgrade,Growth,Pro,2905
EVT00970,CUST0474,2024-12-24,New,,Enterprise,14999
EVT00971,CUST0475,2024-12-08,New,,Growth,2074.17
EVT00972,CUST0476,2025-01-29,New,,Starter,999
EVT00973,CUST0476,2025-11-13,Churn,Starter,,-999
EVT00974,CUST0477,2025-01-25,New,,Pro,5999
EVT00975,CUST0477,2025-07-19,Upgrade,Pro,Enterprise,9000
EVT00976,CUST0478,2025-01-02,New,,Starter,999
EVT00977,CUST0479,2025-01-08,New,,Growth,2074.17
EVT00978,CUST0479,2025-10-04,Upgrade,Growth,Pro,2905
EVT00979,CUST0480,2025-01-25,New,,Starter,999
EVT00980,CUST0480,2025-09-01,Churn,Starter,,-999
EVT00981,CUST0481,2025-01-27,New,,Growth,2499
EVT00982,CUST0481,2025-10-17,Downgrade,Growth,Starter,-1500
EVT00983,CUST0482,2025-01-27,New,,Growth,2074.17
EVT00984,CUST0483,2025-01-22,New,,Starter,999
EVT00985,CUST0483,2025-06-22,Churn,Starter,,-999
EVT00986,CUST0484,2025-01-18,New,,Starter,999
EVT00987,CUST0485,2025-01-16,New,,Growth,2499
EVT00988,CUST0486,2025-01-26,New,,Enterprise,14999
EVT00989,CUST0486,2025-11-27,Downgrade,Enterprise,Pro,-9000
EVT00990,CUST0487,2025-01-10,New,,Growth,2499
EVT00991,CUST0487,2025-02-27,Upgrade,Growth,Pro,3500
EVT00992,CUST0488,2025-01-28,New,,Pro,5999
EVT00993,CUST0489,2025-01-15,New,,Pro,5999
EVT00994,CUST0489,2025-07-12,Churn,Pro,,-5999
EVT00995,CUST0490,2025-01-17,New,,Starter,999
EVT00996,CUST0491,2025-01-21,New,,Starter,999
EVT00997,CUST0492,2025-01-24,New,,Pro,5999
EVT00998,CUST0492,2025-02-18,Downgrade,Pro,Growth,-3500
EVT00999,CUST0492,2025-05-21,Upgrade,Growth,Pro,3500
EVT01000,CUST0493,2025-01-20,New,,Starter,999
EVT01001,CUST0493,2025-03-20,Upgrade,Starter,Growth,1500
EVT01002,CUST0493,2025-04-20,Churn,Growth,,-2499
EVT01003,CUST0494,2025-01-24,New,,Starter,829.17
EVT01004,CUST0494,2025-08-10,Upgrade,Starter,Growth,1245
EVT01005,CUST0495,2025-01-11,New,,Growth,2074.17
EVT01006,CUST0496,2025-01-24,New,,Starter,999
EVT01007,CUST0497,2025-01-23,New,,Pro,5999
EVT01008,CUST0498,2025-02-25,New,,Pro,5999
EVT01009,CUST0498,2025-05-10,Churn,Pro,,-5999
EVT01010,CUST0499,2025-02-10,New,,Growth,2499
EVT01011,CUST0500,2025-02-04,New,,Growth,2499
EVT01012,CUST0501,2025-02-14,New,,Pro,5999
EVT01013,CUST0502,2025-02-01,New,,Pro,4979.17
EVT01014,CUST0502,2025-03-22,Downgrade,Pro,Growth,-2905
EVT01015,CUST0503,2025-02-14,New,,Enterprise,14999
EVT01016,CUST0504,2025-02-19,New,,Starter,999
EVT01017,CUST0505,2025-02-11,New,,Growth,2074.17
EVT01018,CUST0506,2025-02-16,New,,Enterprise,14999
EVT01019,CUST0506,2025-03-04,Downgrade,Enterprise,Pro,-9000
EVT01020,CUST0507,2025-02-05,New,,Growth,2499
EVT01021,CUST0507,2025-04-16,Churn,Growth,,-2499
EVT01022,CUST0507,2025-06-11,Reactivation,,Growth,2499
EVT01023,CUST0508,2025-02-21,New,,Starter,829.17
EVT01024,CUST0509,2025-02-27,New,,Starter,829.17
EVT01025,CUST0510,2025-02-08,New,,Starter,829.17
EVT01026,CUST0511,2025-02-12,New,,Starter,999
EVT01027,CUST0512,2025-02-16,New,,Growth,2074.17
EVT01028,CUST0512,2025-05-09,Downgrade,Growth,Starter,-1245
EVT01029,CUST0513,2025-02-01,New,,Starter,999
EVT01030,CUST0514,2025-02-10,New,,Growth,2499
EVT01031,CUST0515,2025-02-26,New,,Pro,5999
EVT01032,CUST0515,2025-08-21,Upgrade,Pro,Enterprise,9000
EVT01033,CUST0516,2025-02-08,New,,Pro,5999
EVT01034,CUST0517,2025-02-09,New,,Growth,2074.17
EVT01035,CUST0518,2025-03-19,New,,Starter,999
EVT01036,CUST0519,2025-03-03,New,,Starter,829.17
EVT01037,CUST0520,2025-03-16,New,,Starter,999
EVT01038,CUST0521,2025-03-28,New,,Growth,2499
EVT01039,CUST0521,2025-11-11,Downgrade,Growth,Starter,-1500
EVT01040,CUST0522,2025-03-04,New,,Growth,2074.17
EVT01041,CUST0522,2025-04-28,Upgrade,Growth,Pro,2905
EVT01042,CUST0523,2025-03-23,New,,Starter,829.17
EVT01043,CUST0524,2025-03-22,New,,Starter,829.17
EVT01044,CUST0524,2025-05-09,Upgrade,Starter,Growth,1245
EVT01045,CUST0525,2025-03-30,New,,Growth,2499
EVT01046,CUST0526,2025-03-25,New,,Enterprise,14999
EVT01047,CUST0527,2025-03-19,New,,Starter,999
EVT01048,CUST0528,2025-03-05,New,,Starter,829.17
EVT01049,CUST0529,2025-03-04,New,,Growth,2499
EVT01050,CUST0529,2025-06-09,Churn,Growth,,-2499
EVT01051,CUST0530,2025-03-25,New,,Pro,5999
EVT01052,CUST0530,2025-06-21,Churn,Pro,,-5999
EVT01053,CUST0531,2025-03-01,New,,Starter,829.17
EVT01054,CUST0532,2025-03-31,New,,Growth,2499
EVT01055,CUST0533,2025-03-13,New,,Starter,999
EVT01056,CUST0534,2025-03-03,New,,Starter,999
EVT01057,CUST0534,2025-04-23,Churn,Starter,,-999
EVT01058,CUST0535,2025-03-21,New,,Starter,829.17
EVT01059,CUST0535,2025-07-31,Churn,Starter,,-829.17
EVT01060,CUST0536,2025-03-01,New,,Starter,999
EVT01061,CUST0537,2025-04-05,New,,Starter,999
EVT01062,CUST0537,2025-11-29,Churn,Starter,,-999
EVT01063,CUST0538,2025-04-17,New,,Starter,999
EVT01064,CUST0539,2025-04-03,New,,Starter,999
EVT01065,CUST0539,2025-12-21,Churn,Starter,,-999
EVT01066,CUST0540,2025-04-01,New,,Pro,4979.17
EVT01067,CUST0540,2025-11-10,Downgrade,Pro,Growth,-2905
EVT01068,CUST0541,2025-04-29,New,,Starter,999
EVT01069,CUST0542,2025-04-13,New,,Growth,2499
EVT01070,CUST0543,2025-04-05,New,,Starter,999
EVT01071,CUST0544,2025-04-16,New,,Starter,999
EVT01072,CUST0544,2025-10-07,Churn,Starter,,-999
EVT01073,CUST0545,2025-04-21,New,,Starter,999
EVT01074,CUST0545,2025-07-17,Churn,Starter,,-999
EVT01075,CUST0546,2025-04-05,New,,Growth,2499
EVT01076,CUST0546,2025-05-25,Downgrade,Growth,Starter,-1500
EVT01077,CUST0546,2025-07-08,Upgrade,Starter,Growth,1500
EVT01078,CUST0547,2025-04-20,New,,Enterprise,14999
EVT01079,CUST0548,2025-04-27,New,,Starter,999
EVT01080,CUST0548,2025-07-29,Churn,Starter,,-999
EVT01081,CUST0548,2025-09-26,Reactivation,,Starter,999
EVT01082,CUST0549,2025-04-23,New,,Starter,999
EVT01083,CUST0549,2025-09-28,Upgrade,Starter,Growth,1500
EVT01084,CUST0550,2025-04-11,New,,Starter,829.17
EVT01085,CUST0550,2025-11-26,Churn,Starter,,-829.17
EVT01086,CUST0551,2025-04-11,New,,Enterprise,12449.17
EVT01087,CUST0552,2025-04-04,New,,Pro,5999
EVT01088,CUST0552,2025-09-26,Upgrade,Pro,Enterprise,9000
EVT01089,CUST0553,2025-04-22,New,,Growth,2499
EVT01090,CUST0554,2025-04-23,New,,Enterprise,14999
EVT01091,CUST0554,2025-10-20,Churn,Enterprise,,-14999
EVT01092,CUST0555,2025-04-03,New,,Pro,4979.17
EVT01093,CUST0556,2025-04-09,New,,Starter,999
EVT01094,CUST0557,2025-05-20,New,,Pro,5999
EVT01095,CUST0557,2025-10-13,Upgrade,Pro,Enterprise,9000
EVT01096,CUST0558,2025-05-30,New,,Starter,999
EVT01097,CUST0558,2025-07-22,Churn,Starter,,-999
EVT01098,CUST0559,2025-05-23,New,,Starter,829.17
EVT01099,CUST0560,2025-05-25,New,,Growth,2499
EVT01100,CUST0561,2025-05-19,New,,Starter,999
EVT01101,CUST0562,2025-05-01,New,,Enterprise,14999
EVT01102,CUST0563,2025-05-18,New,,Starter,829.17
EVT01103,CUST0563,2025-11-11,Upgrade,Starter,Growth,1245
EVT01104,CUST0564,2025-05-15,New,,Starter,999
EVT01105,CUST0565,2025-05-16,New,,Starter,829.17
EVT01106,CUST0566,2025-05-04,New,,Starter,829.17
EVT01107,CUST0567,2025-05-07,New,,Starter,999
EVT01108,CUST0567,2025-06-22,Churn,Starter,,-999
EVT01109,CUST0568,2025-05-24,New,,Starter,999
EVT01110,CUST0569,2025-05-23,New,,Starter,999
EVT01111,CUST0569,2025-11-05,Churn,Starter,,-999
EVT01112,CUST0570,2025-05-22,New,,Pro,5999
EVT01113,CUST0571,2025-05-11,New,,Growth,2499
EVT01114,CUST0572,2025-05-13,New,,Enterprise,14999
EVT01115,CUST0572,2025-07-24,Downgrade,Enterprise,Pro,-9000
EVT01116,CUST0573,2025-05-01,New,,Growth,2499
EVT01117,CUST0574,2025-05-01,New,,Starter,999
EVT01118,CUST0575,2025-05-26,New,,Starter,829.17
EVT01119,CUST0576,2025-06-06,New,,Starter,829.17
EVT01120,CUST0577,2025-06-22,New,,Starter,999
EVT01121,CUST0578,2025-06-13,New,,Enterprise,14999
EVT01122,CUST0579,2025-06-28,New,,Growth,2499
EVT01123,CUST0580,2025-06-26,New,,Starter,999
EVT01124,CUST0581,2025-06-11,New,,Growth,2499
EVT01125,CUST0581,2025-09-01,Churn,Growth,,-2499
EVT01126,CUST0582,2025-06-23,New,,Starter,999
EVT01127,CUST0583,2025-06-19,New,,Starter,999
EVT01128,CUST0583,2025-09-21,Churn,Starter,,-999
EVT01129,CUST0584,2025-06-23,New,,Starter,999
EVT01130,CUST0584,2025-11-10,Churn,Starter,,-999
EVT01131,CUST0585,2025-06-06,New,,Starter,999
EVT01132,CUST0586,2025-06-01,New,,Growth,2074.17
EVT01133,CUST0587,2025-06-18,New,,Starter,999
EVT01134,CUST0588,2025-06-23,New,,Starter,999
EVT01135,CUST0589,2025-06-26,New,,Starter,999
EVT01136,CUST0590,2025-07-10,New,,Starter,999
EVT01137,CUST0591,2025-07-16,New,,Growth,2074.17
EVT01138,CUST0591,2025-11-09,Downgrade,Growth,Starter,-1245
EVT01139,CUST0592,2025-07-25,New,,Starter,999
EVT01140,CUST0593,2025-07-25,New,,Growth,2074.17
EVT01141,CUST0594,2025-07-24,New,,Starter,999
EVT01142,CUST0595,2025-07-09,New,,Pro,5999
EVT01143,CUST0595,2025-09-30,Churn,Pro,,-5999
EVT01144,CUST0596,2025-07-25,New,,Starter,829.17
EVT01145,CUST0597,2025-07-12,New,,Pro,5999
EVT01146,CUST0598,2025-07-07,New,,Starter,999
EVT01147,CUST0598,2025-08-14,Churn,Starter,,-999
EVT01148,CUST0599,2025-07-20,New,,Growth,2499
EVT01149,CUST0600,2025-07-10,New,,Starter,829.17
EVT01150,CUST0601,2025-07-29,New,,Enterprise,14999
EVT01151,CUST0601,2025-10-13,Churn,Enterprise,,-14999
EVT01152,CUST0602,2025-07-30,New,,Enterprise,12449.17
EVT01153,CUST0602,2025-12-13,Downgrade,Enterprise,Pro,-7470
EVT01154,CUST0603,2025-07-28,New,,Pro,5999
EVT01155,CUST0604,2025-07-08,New,,Starter,999
EVT01156,CUST0604,2025-08-24,Upgrade,Starter,Growth,1500
EVT01157,CUST0605,2025-07-21,New,,Starter,999
EVT01158,CUST0606,2025-07-29,New,,Growth,2499
EVT01159,CUST0607,2025-07-30,New,,Growth,2499
EVT01160,CUST0608,2025-07-01,New,,Enterprise,14999
EVT01161,CUST0609,2025-07-28,New,,Growth,2499
EVT01162,CUST0610,2025-07-27,New,,Starter,829.17
EVT01163,CUST0611,2025-07-11,New,,Starter,829.17
EVT01164,CUST0612,2025-07-26,New,,Starter,829.17
EVT01165,CUST0612,2025-10-02,Churn,Starter,,-829.17
EVT01166,CUST0613,2025-08-27,New,,Starter,999
EVT01167,CUST0614,2025-08-15,New,,Starter,829.17
EVT01168,CUST0615,2025-08-23,New,,Enterprise,14999
EVT01169,CUST0616,2025-08-09,New,,Starter,829.17
EVT01170,CUST0616,2025-11-19,Churn,Starter,,-829.17
EVT01171,CUST0617,2025-08-29,New,,Starter,999
EVT01172,CUST0617,2025-09-23,Churn,Starter,,-999
EVT01173,CUST0618,2025-08-23,New,,Starter,999
EVT01174,CUST0618,2025-12-19,Churn,Starter,,-999
EVT01175,CUST0619,2025-08-01,New,,Growth,2074.17
EVT01176,CUST0620,2025-08-17,New,,Starter,999
EVT01177,CUST0621,2025-08-04,New,,Starter,999
EVT01178,CUST0622,2025-09-03,New,,Growth,2499
EVT01179,CUST0623,2025-09-05,New,,Starter,829.17
EVT01180,CUST0624,2025-09-03,New,,Growth,2499
EVT01181,CUST0625,2025-09-15,New,,Starter,999
EVT01182,CUST0625,2025-11-27,Churn,Starter,,-999
EVT01183,CUST0626,2025-09-14,New,,Growth,2499
EVT01184,CUST0627,2025-09-04,New,,Pro,5999
EVT01185,CUST0627,2025-10-07,Downgrade,Pro,Growth,-3500
EVT01186,CUST0627,2025-12-11,Upgrade,Growth,Pro,3500
EVT01187,CUST0628,2025-09-14,New,,Growth,2499
EVT01188,CUST0629,2025-09-08,New,,Starter,999
EVT01189,CUST0630,2025-09-25,New,,Growth,2499
EVT01190,CUST0631,2025-09-07,New,,Starter,999
EVT01191,CUST0632,2025-09-26,New,,Growth,2074.17
EVT01192,CUST0633,2025-09-21,New,,Starter,999
EVT01193,CUST0634,2025-09-12,New,,Growth,2074.17
EVT01194,CUST0635,2025-09-14,New,,Starter,829.17
EVT01195,CUST0636,2025-09-25,New,,Growth,2074.17
EVT01196,CUST0637,2025-10-07,New,,Growth,2499
EVT01197,CUST0638,2025-10-10,New,,Enterprise,14999
EVT01198,CUST0639,2025-10-21,New,,Starter,999
EVT01199,CUST0640,2025-10-10,New,,Growth,2499
EVT01200,CUST0641,2025-10-05,New,,Pro,4979.17
EVT01201,CUST0642,2025-10-27,New,,Starter,999
EVT01202,CUST0643,2025-10-28,New,,Growth,2074.17
EVT01203,CUST0644,2025-10-04,New,,Starter,829.17
EVT01204,CUST0645,2025-10-24,New,,Growth,2499
EVT01205,CUST0646,2025-10-01,New,,Starter,999
EVT01206,CUST0647,2025-10-26,New,,Enterprise,14999
EVT01207,CUST0648,2025-10-28,New,,Starter,829.17
EVT01208,CUST0649,2025-10-26,New,,Pro,5999
EVT01209,CUST0650,2025-10-19,New,,Growth,2499
EVT01210,CUST0651,2025-10-16,New,,Growth,2499
EVT01211,CUST0652,2025-10-04,New,,Starter,999
EVT01212,CUST0653,2025-10-02,New,,Starter,999
EVT01213,CUST0654,2025-10-30,New,,Starter,999
EVT01214,CUST0654,2025-11-24,Churn,Starter,,-999
EVT01215,CUST0655,2025-10-18,New,,Enterprise,12449.17
EVT01216,CUST0656,2025-10-24,New,,Starter,999
EVT01217,CUST0657,2025-10-04,New,,Pro,5999
EVT01218,CUST0658,2025-10-02,New,,Starter,829.17
EVT01219,CUST0659,2025-10-25,New,,Pro,4979.17
EVT01220,CUST0660,2025-10-12,New,,Starter,999
EVT01221,CUST0661,2025-10-20,New,,Growth,2499
EVT01222,CUST0661,2025-12-23,Churn,Growth,,-2499
EVT01223,CUST0662,2025-10-25,New,,Starter,829.17
EVT01224,CUST0663,2025-10-01,New,,Pro,5999
EVT01225,CUST0664,2025-10-27,New,,Starter,999
EVT01226,CUST0665,2025-10-28,New,,Starter,999
EVT01227,CUST0665,2025-11-08,Churn,Starter,,-999
EVT01228,CUST0666,2025-10-14,New,,Starter,829.17
EVT01229,CUST0667,2025-11-09,New,,Enterprise,14999
EVT01230,CUST0668,2025-11-17,New,,Pro,4979.17
EVT01231,CUST0669,2025-11-19,New,,Growth,2074.17
EVT01232,CUST0670,2025-11-03,New,,Starter,829.17
EVT01233,CUST0671,2025-11-05,New,,Starter,999
EVT01234,CUST0672,2025-11-26,New,,Starter,999
EVT01235,CUST0672,2025-12-22,Churn,Starter,,-999
EVT01236,CUST0673,2025-11-03,New,,Starter,999
EVT01237,CUST0674,2025-11-05,New,,Pro,5999
EVT01238,CUST0675,2025-11-04,New,,Starter,999
EVT01239,CUST0676,2025-11-10,New,,Enterprise,14999
EVT01240,CUST0677,2025-11-26,New,,Pro,5999
EVT01241,CUST0678,2025-11-11,New,,Starter,829.17
EVT01242,CUST0679,2025-11-13,New,,Growth,2074.17
EVT01243,CUST0680,2025-11-06,New,,Growth,2499
EVT01244,CUST0681,2025-11-18,New,,Pro,5999
EVT01245,CUST0682,2025-11-05,New,,Growth,2074.17
EVT01246,CUST0683,2025-11-08,New,,Starter,829.17
EVT01247,CUST0684,2025-11-21,New,,Pro,5999
EVT01248,CUST0685,2025-11-03,New,,Growth,2074.17
EVT01249,CUST0686,2025-11-26,New,,Starter,999
EVT01250,CUST0687,2025-12-11,New,,Pro,4979.17
EVT01251,CUST0688,2025-12-30,New,,Enterprise,14999
EVT01252,CUST0689,2025-12-01,New,,Pro,5999
EVT01253,CUST0690,2025-12-06,New,,Starter,999
EVT01254,CUST0691,2025-12-20,New,,Starter,999
EVT01255,CUST0692,2025-12-14,New,,Starter,999
EVT01256,CUST0693,2025-12-05,New,,Starter,999
EVT01257,CUST0694,2025-12-08,New,,Growth,2074.17
EVT01258,CUST0695,2025-12-12,New,,Enterprise,12449.17
EVT01259,CUST0696,2025-12-19,New,,Pro,5999
EVT01260,CUST0697,2025-12-11,New,,Starter,999
EVT01261,CUST0698,2025-12-09,New,,Starter,829.17
EVT01262,CUST0699,2025-12-08,New,,Growth,2074.17
EVT01263,CUST0700,2025-12-18,New,,Starter,999
EVT01264,CUST0701,2025-12-13,New,,Growth,2074.17
EVT01265,CUST0702,2025-12-26,New,,Starter,999
EVT01266,CUST0703,2025-12-31,New,,Starter,829.17
EVT01267,CUST0704,2025-12-27,New,,Starter,829.17
EVT01268,CUST0705,2025-12-03,New,,Starter,999
EVT01269,CUST0706,2025-12-16,New,,Growth,2499
EVT01270,CUST0707,2025-12-05,New,,Pro,5999
EVT01271,CUST0708,2025-12-11,New,,Pro,4979.17
